Match_Type,God_Name,Kills,Deaths,Assists,Item1,Item2,Item3,Item4,Item5,Item6,Class,Health,Mana,Speed,Physical_Protection,Magical_Protection
Arena,Anhur,2,5,15,,,,,,,Hunter,0.3928571428571429,0.4714285714285714,0.30000000000000004,0.2619047619047619,0.5
Joust,Sylvanus,2,6,5,,,,,,,Guardian,0.75,0.3857142857142857,0.5,0.8333333333333333,1.0
Joust,Cabrakan,0,6,8,,,,,,,Guardian,0.6071428571428571,0.41428571428571426,0.30000000000000004,0.8809523809523809,1.0
Joust,Awilix,7,6,5,,,,,,,Assassin,0.5,0.5285714285714286,0.5,0.40476190476190477,0.5
Joust,Awilix,2,5,10,,,,,,,Assassin,0.5,0.5285714285714286,0.5,0.40476190476190477,0.5
Arena,Tyr,4,8,15,,,,,,,Warrior,0.5714285714285714,0.5,0.7000000000000001,0.7380952380952381,0.75
Arena,Loki,5,9,12,,,,,,,Assassin,0.0,0.44285714285714284,0.7000000000000001,0.2619047619047619,0.5
Joust,Medusa,3,7,1,,,,,,,Hunter,0.4642857142857143,0.4714285714285714,0.30000000000000004,0.35714285714285715,0.5
Joust,Erlang_Shen,4,6,8,,,,,,,Warrior,0.5714285714285714,0.4714285714285714,0.7000000000000001,0.6904761904761905,0.75
Joust,Sun_Wukong,4,8,4,,,,,,,Warrior,0.5357142857142857,0.4285714285714286,0.5,0.7380952380952381,0.75
Joust,Ra,1,3,10,,,,,,,Mage,0.0,0.5714285714285714,0.10000000000000003,0.2142857142857143,0.5
Joust,Loki,0,9,3,,,,,,,Assassin,0.0,0.44285714285714284,0.7000000000000001,0.2619047619047619,0.5
Arena,Loki,2,9,5,,,,,,,Assassin,0.0,0.44285714285714284,0.7000000000000001,0.2619047619047619,0.5
Joust,Loki,2,8,2,,,,,,,Assassin,0.0,0.44285714285714284,0.7000000000000001,0.2619047619047619,0.5
Arena,Loki,3,4,7,,,,,,,Assassin,0.0,0.44285714285714284,0.7000000000000001,0.2619047619047619,0.5
Arena,Loki,7,11,6,,,,,,,Assassin,0.0,0.44285714285714284,0.7000000000000001,0.2619047619047619,0.5
Arena,Loki,2,9,1,,,,,,,Assassin,0.0,0.44285714285714284,0.7000000000000001,0.2619047619047619,0.5
Arena,Loki,10,5,15,,,,,,,Assassin,0.0,0.44285714285714284,0.7000000000000001,0.2619047619047619,0.5
Joust,Tyr,1,6,6,,,,,,,Warrior,0.5714285714285714,0.5,0.7000000000000001,0.7380952380952381,0.75
Joust,Ra,3,6,7,,,,,,,Mage,0.0,0.5714285714285714,0.10000000000000003,0.2142857142857143,0.5
Joust,Kukulkan,3,12,8,,,,,,,Mage,0.0,0.6,0.10000000000000003,0.40476190476190477,0.5
Joust,Loki,2,6,9,,,,,,,Assassin,0.0,0.44285714285714284,0.7000000000000001,0.2619047619047619,0.5
Joust,Loki,1,7,1,,,,,,,Assassin,0.0,0.44285714285714284,0.7000000000000001,0.2619047619047619,0.5
Joust,Loki,1,7,2,,,,,,,Assassin,0.0,0.44285714285714284,0.7000000000000001,0.2619047619047619,0.5
Arena,Loki,8,9,9,,,,,,,Assassin,0.0,0.44285714285714284,0.7000000000000001,0.2619047619047619,0.5
Joust,Loki,5,3,6,,,,,,,Assassin,0.0,0.44285714285714284,0.7000000000000001,0.2619047619047619,0.5
Joust,Loki,1,7,3,,,,,,,Assassin,0.0,0.44285714285714284,0.7000000000000001,0.2619047619047619,0.5
Joust,Loki,5,10,5,,,,,,,Assassin,0.0,0.44285714285714284,0.7000000000000001,0.2619047619047619,0.5
Joust,Tyr,4,3,0,,,,,,,Warrior,0.5714285714285714,0.5,0.7000000000000001,0.7380952380952381,0.75
Joust,Tyr,7,3,15,,,,,,,Warrior,0.5714285714285714,0.5,0.7000000000000001,0.7380952380952381,0.75
Joust,Arachne,3,5,4,,,,,,,Assassin,0.2857142857142857,0.44285714285714284,0.7000000000000001,0.40476190476190477,0.5
Joust,Zeus,1,12,1,,,,,,,Mage,0.0,0.5428571428571428,0.10000000000000003,0.07142857142857145,0.5
Joust,Hades,5,12,10,,,,,,,Mage,0.5,0.6,0.30000000000000004,0.7380952380952381,0.5
Arena,Awilix,1,4,10,,,,,,,Assassin,0.5,0.5285714285714286,0.5,0.40476190476190477,0.5
Joust,Tyr,1,2,0,,,,,,,Warrior,0.5714285714285714,0.5,0.7000000000000001,0.7380952380952381,0.75
Joust,Ah_Muzen_Cab,2,2,3,,,,,,,Hunter,0.3214285714285714,0.5,0.30000000000000004,0.35714285714285715,0.5
Arena,Camazotz,4,6,6,,,,,,,Assassin,0.25,0.5285714285714286,0.7000000000000001,0.30952380952380953,0.5
Arena,Kukulkan,2,8,15,,,,,,,Mage,0.0,0.6,0.10000000000000003,0.40476190476190477,0.5
Joust,Tyr,2,7,4,,,,,,,Warrior,0.5714285714285714,0.5,0.7000000000000001,0.7380952380952381,0.75
Joust,Tyr,4,3,3,,,,,,,Warrior,0.5714285714285714,0.5,0.7000000000000001,0.7380952380952381,0.75
Joust,Arachne,3,10,0,,,,,,,Assassin,0.2857142857142857,0.44285714285714284,0.7000000000000001,0.40476190476190477,0.5
Joust,Arachne,4,7,0,,,,,,,Assassin,0.2857142857142857,0.44285714285714284,0.7000000000000001,0.40476190476190477,0.5
Arena,Arachne,7,9,14,,,,,,,Assassin,0.2857142857142857,0.44285714285714284,0.7000000000000001,0.40476190476190477,0.5
Joust,Arachne,10,7,3,,,,,,,Assassin,0.2857142857142857,0.44285714285714284,0.7000000000000001,0.40476190476190477,0.5
Arena,Ares,1,6,19,,,,,,,Guardian,0.5714285714285714,0.41428571428571426,0.30000000000000004,0.8809523809523809,1.0
Arena,Achilles,3,4,6,,,,,,,Warrior,0.5,0.4285714285714286,0.5,0.6904761904761905,0.75
Arena,Hades,7,12,14,,,,,,,Mage,0.5,0.6,0.30000000000000004,0.7380952380952381,0.5
Joust,Hades,6,6,8,,,,,,,Mage,0.5,0.6,0.30000000000000004,0.7380952380952381,0.5
Joust,Neith,0,5,8,,,,,,,Hunter,0.37244897959183676,0.5,0.30000000000000004,0.35714285714285715,0.5
Joust,Neith,5,6,2,,,,,,,Hunter,0.37244897959183676,0.5,0.30000000000000004,0.35714285714285715,0.5
Arena,Erlang_Shen,1,9,2,,,,,,,Warrior,0.5714285714285714,0.4714285714285714,0.7000000000000001,0.6904761904761905,0.75
Arena,Ymir,3,14,4,,,,,,,Guardian,0.75,0.41428571428571426,0.5,1.0,1.0
Joust,Nut,7,4,7,,,,,,,Hunter,0.5357142857142857,0.5,0.5,0.40476190476190477,0.5
Slash,Hades,6,12,7,,,,,,,Mage,0.5,0.6,0.30000000000000004,0.7380952380952381,0.5
Conquest,Pele,3,12,4,,,,,,,Assassin,0.3928571428571429,0.5285714285714286,0.7000000000000001,0.35714285714285715,0.5
Joust,Pele,6,6,5,,,,,,,Assassin,0.3928571428571429,0.5285714285714286,0.7000000000000001,0.35714285714285715,0.5
Arena,Erlang_Shen,3,8,13,,,,,,,Warrior,0.5714285714285714,0.4714285714285714,0.7000000000000001,0.6904761904761905,0.75
Conquest,Thor,4,12,10,,,,,,,Assassin,0.5,0.5285714285714286,0.5,0.4523809523809524,0.5
Joust,Horus,1,7,1,,,,,,,Warrior,0.5918367346938775,0.5,0.5,0.6904761904761905,0.75
Joust,Neith,4,7,9,,,,,,,Hunter,0.37244897959183676,0.5,0.30000000000000004,0.35714285714285715,0.5
Arena,Ymir,13,4,24,,,,,,,Guardian,0.75,0.41428571428571426,0.5,1.0,1.0
Arena,Izanami,10,12,9,,,,,,,Hunter,0.3214285714285714,0.44285714285714284,0.30000000000000004,0.2619047619047619,0.5
Conquest,Medusa,9,14,7,,,,,,,Hunter,0.4642857142857143,0.4714285714285714,0.30000000000000004,0.35714285714285715,0.5
Conquest,Ymir,13,11,18,,,,,,,Guardian,0.75,0.41428571428571426,0.5,1.0,1.0
Joust,Vulcan,3,6,2,,,,,,,Mage,0.0,0.5428571428571428,0.10000000000000003,0.40476190476190477,0.5
Joust,Janus,4,10,3,,,,,,,Mage,0.0,0.8428571428571429,0.10000000000000003,0.2142857142857143,0.5
Joust,Janus,5,11,6,,,,,,,Mage,0.0,0.8428571428571429,0.10000000000000003,0.2142857142857143,0.5
Conquest,Tyr,2,13,8,,,,,,,Warrior,0.5714285714285714,0.5,0.7000000000000001,0.7380952380952381,0.75
Conquest,Tyr,4,10,8,,,,,,,Warrior,0.5714285714285714,0.5,0.7000000000000001,0.7380952380952381,0.75
Joust,Ymir,1,10,8,,,,,,,Guardian,0.75,0.41428571428571426,0.5,1.0,1.0
Arena,Nut,3,3,9,,,,,,,Hunter,0.5357142857142857,0.5,0.5,0.40476190476190477,0.5
Arena,Tyr,10,0,18,,,,,,,Warrior,0.5714285714285714,0.5,0.7000000000000001,0.7380952380952381,0.75
Conquest,Serqet,3,6,9,,,,,,,Assassin,0.0,0.5285714285714286,0.5,0.5,0.5
Joust,Horus,3,5,11,,,,,,,Warrior,0.5918367346938775,0.5,0.5,0.6904761904761905,0.75
Joust,Erlang_Shen,6,8,5,,,,,,,Warrior,0.5714285714285714,0.4714285714285714,0.7000000000000001,0.6904761904761905,0.75
Joust,Erlang_Shen,1,4,3,,,,,,,Warrior,0.5714285714285714,0.4714285714285714,0.7000000000000001,0.6904761904761905,0.75
Joust,Nu_Wa,0,5,8,,,,,,,Mage,0.0,0.6,0.0,0.16666666666666669,0.5
Joust,Neith,5,5,12,,,,,,,Hunter,0.37244897959183676,0.5,0.30000000000000004,0.35714285714285715,0.5
Joust,Cabrakan,4,7,10,,,,,,,Guardian,0.6071428571428571,0.41428571428571426,0.30000000000000004,0.8809523809523809,1.0
Joust,Ymir,0,8,2,,,,,,,Guardian,0.75,0.41428571428571426,0.5,1.0,1.0
Joust,Ymir,0,3,8,,,,,,,Guardian,0.75,0.41428571428571426,0.5,1.0,1.0
Arena,Medusa,0,0,1,,,,,,,Hunter,0.4642857142857143,0.4714285714285714,0.30000000000000004,0.35714285714285715,0.5
Arena,Ix_Chel,11,5,11,,,,,,,Mage,0.0,0.7,0.10000000000000003,0.35714285714285715,0.5
Joust,Ah_Muzen_Cab,10,2,3,,,,,,,Hunter,0.3214285714285714,0.5,0.30000000000000004,0.35714285714285715,0.5
Joust,Ah_Muzen_Cab,3,2,5,,,,,,,Hunter,0.3214285714285714,0.5,0.30000000000000004,0.35714285714285715,0.5
Arena,Ymir,4,2,12,,,,,,,Guardian,0.75,0.41428571428571426,0.5,1.0,1.0
Joust,Ra,1,14,11,,,,,,,Mage,0.0,0.5714285714285714,0.10000000000000003,0.2142857142857143,0.5
Joust,Hel,0,8,3,,,,,,,Mage,0.0357142857142857,0.7,0.0,0.11904761904761907,0.5
Joust,Jing_Wei,2,10,3,,,,,,,Hunter,0.2857142857142857,0.4285714285714286,0.5,0.2619047619047619,0.5
Conquest,Medusa,14,11,7,,,,,,,Hunter,0.4642857142857143,0.4714285714285714,0.30000000000000004,0.35714285714285715,0.5
Conquest,Athena,3,9,10,,,,,,,Guardian,0.6785714285714286,0.3857142857142857,0.30000000000000004,0.8809523809523809,1.0
Conquest,Athena,1,7,1,,,,,,,Guardian,0.6785714285714286,0.3857142857142857,0.30000000000000004,0.8809523809523809,1.0
Conquest,Tyr,7,11,11,,,,,,,Warrior,0.5714285714285714,0.5,0.7000000000000001,0.7380952380952381,0.75
Conquest,Medusa,5,16,8,,,,,,,Hunter,0.4642857142857143,0.4714285714285714,0.30000000000000004,0.35714285714285715,0.5
Joust,Charybdis,3,6,6,,,,,,,Hunter,0.25,0.4714285714285714,0.30000000000000004,0.2619047619047619,0.5
Joust,Charybdis,7,10,9,,,,,,,Hunter,0.25,0.4714285714285714,0.30000000000000004,0.2619047619047619,0.5
Joust,Charybdis,1,9,4,,,,,,,Hunter,0.25,0.4714285714285714,0.30000000000000004,0.2619047619047619,0.5
Joust,Charybdis,0,8,1,,,,,,,Hunter,0.25,0.4714285714285714,0.30000000000000004,0.2619047619047619,0.5
Joust,Charybdis,2,12,2,,,,,,,Hunter,0.25,0.4714285714285714,0.30000000000000004,0.2619047619047619,0.5
Arena,Charybdis,2,10,3,,,,,,,Hunter,0.25,0.4714285714285714,0.30000000000000004,0.2619047619047619,0.5
Joust,Tyr,3,4,8,,,,,,,Warrior,0.5714285714285714,0.5,0.7000000000000001,0.7380952380952381,0.75
Conquest,Medusa,11,12,6,,,,,,,Hunter,0.4642857142857143,0.4714285714285714,0.30000000000000004,0.35714285714285715,0.5
Conquest,Cabrakan,5,8,11,,,,,,,Guardian,0.6071428571428571,0.41428571428571426,0.30000000000000004,0.8809523809523809,1.0
Conquest,Hades,3,3,4,,,,,,,Mage,0.5,0.6,0.30000000000000004,0.7380952380952381,0.5
Conquest,Susano,11,9,8,,,,,,,Assassin,0.2142857142857143,0.48571428571428577,0.5,0.5,0.5
Arena,Ra,4,11,9,,,,,,,Mage,0.0,0.5714285714285714,0.10000000000000003,0.2142857142857143,0.5
Joust,Medusa,5,11,5,,,,,,,Hunter,0.4642857142857143,0.4714285714285714,0.30000000000000004,0.35714285714285715,0.5
Joust,Ares,3,8,7,,,,,,,Guardian,0.5714285714285714,0.41428571428571426,0.30000000000000004,0.8809523809523809,1.0
Joust,Chiron,1,10,8,,,,,,,Hunter,0.3928571428571429,0.48571428571428577,0.9,0.35714285714285715,0.5
Joust,Ix_Chel,8,8,6,,,,,,,Mage,0.0,0.7,0.10000000000000003,0.35714285714285715,0.5
Joust,Achilles,7,5,3,,,,,,,Warrior,0.5,0.4285714285714286,0.5,0.6904761904761905,0.75
Joust,Achilles,10,5,5,,,,,,,Warrior,0.5,0.4285714285714286,0.5,0.6904761904761905,0.75
Joust,Medusa,9,9,4,,,,,,,Hunter,0.4642857142857143,0.4714285714285714,0.30000000000000004,0.35714285714285715,0.5
Arena,Tyr,4,6,15,,,,,,,Warrior,0.5714285714285714,0.5,0.7000000000000001,0.7380952380952381,0.75
Arena,Ix_Chel,3,4,19,,,,,,,Mage,0.0,0.7,0.10000000000000003,0.35714285714285715,0.5
Arena,Ra,4,5,21,,,,,,,Mage,0.0,0.5714285714285714,0.10000000000000003,0.2142857142857143,0.5
Joust,Ra,2,10,10,,,,,,,Mage,0.0,0.5714285714285714,0.10000000000000003,0.2142857142857143,0.5
Joust,Tyr,4,8,3,,,,,,,Warrior,0.5714285714285714,0.5,0.7000000000000001,0.7380952380952381,0.75
Slash,Tyr,2,8,3,,,,,,,Warrior,0.5714285714285714,0.5,0.7000000000000001,0.7380952380952381,0.75
Joust,Bake_Kujira,2,1,6,,,,,,,Guardian,0.6785714285714286,0.41428571428571426,0.5,1.0,1.0
Conquest,Arachne,13,15,12,,,,,,,Assassin,0.2857142857142857,0.44285714285714284,0.7000000000000001,0.40476190476190477,0.5
Joust,Tyr,4,4,8,,,,,,,Warrior,0.5714285714285714,0.5,0.7000000000000001,0.7380952380952381,0.75
Joust,Izanami,1,10,5,,,,,,,Hunter,0.3214285714285714,0.44285714285714284,0.30000000000000004,0.2619047619047619,0.5
Arena,Bake_Kujira,4,6,9,,,,,,,Guardian,0.6785714285714286,0.41428571428571426,0.5,1.0,1.0
Joust,Bake_Kujira,2,6,1,,,,,,,Guardian,0.6785714285714286,0.41428571428571426,0.5,1.0,1.0
Joust,Bake_Kujira,3,8,1,,,,,,,Guardian,0.6785714285714286,0.41428571428571426,0.5,1.0,1.0
Joust,Serqet,13,9,3,,,,,,,Assassin,0.0,0.5285714285714286,0.5,0.5,0.5
Joust,Tyr,4,1,4,,,,,,,Warrior,0.5714285714285714,0.5,0.7000000000000001,0.7380952380952381,0.75
Joust,Serqet,4,7,3,,,,,,,Assassin,0.0,0.5285714285714286,0.5,0.5,0.5
Joust,Neith,8,0,4,,,,,,,Hunter,0.37244897959183676,0.5,0.30000000000000004,0.35714285714285715,0.5
Joust,Chernobog,6,4,4,,,,,,,Hunter,0.3214285714285714,0.4714285714285714,0.30000000000000004,0.2619047619047619,0.5
Joust,Ra,4,9,1,,,,,,,Mage,0.0,0.5714285714285714,0.10000000000000003,0.2142857142857143,0.5
Joust,Cabrakan,4,2,9,,,,,,,Guardian,0.6071428571428571,0.41428571428571426,0.30000000000000004,0.8809523809523809,1.0
Joust,Cabrakan,4,10,16,,,,,,,Guardian,0.6071428571428571,0.41428571428571426,0.30000000000000004,0.8809523809523809,1.0
Arena,Ix_Chel,3,10,27,,,,,,,Mage,0.0,0.7,0.10000000000000003,0.35714285714285715,0.5
Arena,Chernobog,10,6,10,,,,,,,Hunter,0.3214285714285714,0.4714285714285714,0.30000000000000004,0.2619047619047619,0.5
Joust,Chernobog,3,6,5,,,,,,,Hunter,0.3214285714285714,0.4714285714285714,0.30000000000000004,0.2619047619047619,0.5
Joust,Chernobog,1,2,5,,,,,,,Hunter,0.3214285714285714,0.4714285714285714,0.30000000000000004,0.2619047619047619,0.5
Joust,Chernobog,1,0,5,,,,,,,Hunter,0.3214285714285714,0.4714285714285714,0.30000000000000004,0.2619047619047619,0.5
Joust,Martichoras,3,9,5,,,,,,,Hunter,0.576530612244898,0.5285714285714286,0.30000000000000004,0.6428571428571428,0.5
Arena,Tyr,5,7,12,,,,,,,Warrior,0.5714285714285714,0.5,0.7000000000000001,0.7380952380952381,0.75
Joust,Tyr,10,4,7,,,,,,,Warrior,0.5714285714285714,0.5,0.7000000000000001,0.7380952380952381,0.75
Joust,Janus,7,3,11,,,,,,,Mage,0.0,0.8428571428571429,0.10000000000000003,0.2142857142857143,0.5
Joust,Janus,3,8,9,,,,,,,Mage,0.0,0.8428571428571429,0.10000000000000003,0.2142857142857143,0.5
Joust,Janus,3,8,5,,,,,,,Mage,0.0,0.8428571428571429,0.10000000000000003,0.2142857142857143,0.5
Conquest,Arachne,15,8,15,,,,,,,Assassin,0.2857142857142857,0.44285714285714284,0.7000000000000001,0.40476190476190477,0.5
Conquest,Hades,6,8,14,,,,,,,Mage,0.5,0.6,0.30000000000000004,0.7380952380952381,0.5
Conquest,Izanami,5,14,17,,,,,,,Hunter,0.3214285714285714,0.44285714285714284,0.30000000000000004,0.2619047619047619,0.5
Conquest,Martichoras,7,8,8,,,,,,,Hunter,0.576530612244898,0.5285714285714286,0.30000000000000004,0.6428571428571428,0.5
Slash,Horus,3,9,14,,,,,,,Warrior,0.5918367346938775,0.5,0.5,0.6904761904761905,0.75
Slash,Ix_Chel,3,16,11,,,,,,,Mage,0.0,0.7,0.10000000000000003,0.35714285714285715,0.5
Slash,Ix_Chel,4,3,13,,,,,,,Mage,0.0,0.7,0.10000000000000003,0.35714285714285715,0.5
Assault,Tyr,2,9,12,,,,,,,Warrior,0.5714285714285714,0.5,0.7000000000000001,0.7380952380952381,0.75
Arena,Martichoras,4,7,18,,,,,,,Hunter,0.576530612244898,0.5285714285714286,0.30000000000000004,0.6428571428571428,0.5
Joust,Ix_Chel,11,11,6,,,,,,,Mage,0.0,0.7,0.10000000000000003,0.35714285714285715,0.5
Arena,Cerberus,3,15,2,,,,,,,Guardian,0.6071428571428571,0.41428571428571426,0.10000000000000003,0.8333333333333333,1.0
Arena,Da_Ji,2,6,5,,,,,,,Assassin,0.25,0.44285714285714284,0.7000000000000001,0.5,0.5
Joust,Surtr,6,9,4,,,,,,,Warrior,0.5255102040816326,0.5,0.7000000000000001,0.7380952380952381,0.75
Joust,Ix_Chel,9,0,5,,,,,,,Mage,0.0,0.7,0.10000000000000003,0.35714285714285715,0.5
Joust,Janus,1,8,10,,,,,,,Mage,0.0,0.8428571428571429,0.10000000000000003,0.2142857142857143,0.5
Arena,Surtr,7,8,12,,,,,,,Warrior,0.5255102040816326,0.5,0.7000000000000001,0.7380952380952381,0.75
Arena,Izanami,6,8,18,,,,,,,Hunter,0.3214285714285714,0.44285714285714284,0.30000000000000004,0.2619047619047619,0.5
Arena,Izanami,16,8,11,,,,,,,Hunter,0.3214285714285714,0.44285714285714284,0.30000000000000004,0.2619047619047619,0.5
Joust,Izanami,12,3,6,,,,,,,Hunter,0.3214285714285714,0.44285714285714284,0.30000000000000004,0.2619047619047619,0.5
Arena,Izanami,8,5,15,,,,,,,Hunter,0.3214285714285714,0.44285714285714284,0.30000000000000004,0.2619047619047619,0.5
Arena,King_Arthur,1,6,4,,,,,,,Warrior,0.5714285714285714,0.5,0.5,0.6904761904761905,0.75
Arena,King_Arthur,0,7,14,,,,,,,Warrior,0.5714285714285714,0.5,0.5,0.6904761904761905,0.75
Arena,King_Arthur,2,1,16,,,,,,,Warrior,0.5714285714285714,0.5,0.5,0.6904761904761905,0.75
Arena,King_Arthur,0,6,10,,,,,,,Warrior,0.5714285714285714,0.5,0.5,0.6904761904761905,0.75
Arena,King_Arthur,0,4,8,,,,,,,Warrior,0.5714285714285714,0.5,0.5,0.6904761904761905,0.75
Arena,Cerberus,12,5,24,,,,,,,Guardian,0.6071428571428571,0.41428571428571426,0.10000000000000003,0.8333333333333333,1.0
Arena,Cerberus,1,6,19,,,,,,,Guardian,0.6071428571428571,0.41428571428571426,0.10000000000000003,0.8333333333333333,1.0
Arena,Sol,3,8,10,,,,,,,Mage,0.0,0.7,0.5,0.16666666666666669,0.5
Joust,Sol,2,6,9,,,,,,,Mage,0.0,0.7,0.5,0.16666666666666669,0.5
Joust,Sol,0,7,4,,,,,,,Mage,0.0,0.7,0.5,0.16666666666666669,0.5
Arena,Sol,2,4,10,,,,,,,Mage,0.0,0.7,0.5,0.16666666666666669,0.5
Arena,Cerberus,3,10,10,,,,,,,Guardian,0.6071428571428571,0.41428571428571426,0.10000000000000003,0.8333333333333333,1.0
Arena,Cerberus,7,8,10,,,,,,,Guardian,0.6071428571428571,0.41428571428571426,0.10000000000000003,0.8333333333333333,1.0
Arena,Cerberus,3,3,7,,,,,,,Guardian,0.6071428571428571,0.41428571428571426,0.10000000000000003,0.8333333333333333,1.0
Arena,Tiamat,2,9,9,,,,,,,Mage,0.0,0.7,0.10000000000000003,0.40476190476190477,0.5
Arena,Tiamat,6,13,11,,,,,,,Mage,0.0,0.7,0.10000000000000003,0.40476190476190477,0.5
Arena,Tiamat,0,3,9,,,,,,,Mage,0.0,0.7,0.10000000000000003,0.40476190476190477,0.5
Arena,Tiamat,2,15,6,,,,,,,Mage,0.0,0.7,0.10000000000000003,0.40476190476190477,0.5
Arena,Tiamat,3,11,13,,,,,,,Mage,0.0,0.7,0.10000000000000003,0.40476190476190477,0.5
Arena,Tiamat,5,10,20,,,,,,,Mage,0.0,0.7,0.10000000000000003,0.40476190476190477,0.5
Arena,Yemoja,3,6,20,,,,,,,Guardian,0.6581632653061225,0.0,0.30000000000000004,0.8333333333333333,1.0
Joust,Yemoja,0,9,9,,,,,,,Guardian,0.6581632653061225,0.0,0.30000000000000004,0.8333333333333333,1.0
Joust,Yemoja,3,0,12,,,,,,,Guardian,0.6581632653061225,0.0,0.30000000000000004,0.8333333333333333,1.0
Joust,Persephone,4,9,8,,,,,,,Mage,0.0,0.6428571428571429,0.10000000000000003,0.16666666666666669,0.5
Arena,Persephone,1,11,4,,,,,,,Mage,0.0,0.6428571428571429,0.10000000000000003,0.16666666666666669,0.5
Joust,Surtr,9,5,8,,,,,,,Warrior,0.5255102040816326,0.5,0.7000000000000001,0.7380952380952381,0.75
Arena,Surtr,11,12,18,,,,,,,Warrior,0.5255102040816326,0.5,0.7000000000000001,0.7380952380952381,0.75
Arena,Surtr,10,10,17,,,,,,,Warrior,0.5255102040816326,0.5,0.7000000000000001,0.7380952380952381,0.75
Arena,Surtr,9,11,22,,,,,,,Warrior,0.5255102040816326,0.5,0.7000000000000001,0.7380952380952381,0.75
Joust,Cliodhna,4,10,7,,,,,,,Assassin,0.5357142857142857,0.48571428571428577,0.7000000000000001,0.35714285714285715,0.5
Arena,Ganesha,2,8,18,,,,,,,Guardian,0.6428571428571429,0.41428571428571426,0.10000000000000003,0.8809523809523809,1.0
Arena,Ganesha,0,3,21,,,,,,,Guardian,0.6428571428571429,0.41428571428571426,0.10000000000000003,0.8809523809523809,1.0
Arena,Khepri,3,2,34,,,,,,,Guardian,0.6071428571428571,0.3857142857142857,0.30000000000000004,0.8333333333333333,1.0
Joust,Khepri,0,3,7,,,,,,,Guardian,0.6071428571428571,0.3857142857142857,0.30000000000000004,0.8333333333333333,1.0
Joust,Charon,1,3,10,,,,,,,Guardian,0.6071428571428571,0.44285714285714284,0.5,0.8333333333333333,1.0
Joust,Charon,3,3,4,,,,,,,Guardian,0.6071428571428571,0.44285714285714284,0.5,0.8333333333333333,1.0
Joust,Nut,2,8,8,,,,,,,Hunter,0.5357142857142857,0.5,0.5,0.40476190476190477,0.5
Arena,Charon,1,4,30,,,,,,,Guardian,0.6071428571428571,0.44285714285714284,0.5,0.8333333333333333,1.0
Arena,Atlas,2,10,11,,,,,,,Guardian,0.75,0.3857142857142857,0.5,0.8809523809523809,1.0
Joust,Guan_Yu,2,5,2,,,,,,,Warrior,0.5357142857142857,0.4714285714285714,0.7000000000000001,0.5952380952380953,0.75
Joust,Jing_Wei,5,9,7,,,,,,,Hunter,0.2857142857142857,0.4285714285714286,0.5,0.2619047619047619,0.5
Joust,Hades,8,7,8,,,,,,,Mage,0.5,0.6,0.30000000000000004,0.7380952380952381,0.5
Joust,Ra,5,4,11,,,,,,,Mage,0.0,0.5714285714285714,0.10000000000000003,0.2142857142857143,0.5
Arena,Nut,1,1,3,,,,,,,Hunter,0.5357142857142857,0.5,0.5,0.40476190476190477,0.5
Arena,Achilles,2,11,7,,,,,,,Warrior,0.5,0.4285714285714286,0.5,0.6904761904761905,0.75
Joust,Horus,1,10,10,,,,,,,Warrior,0.5918367346938775,0.5,0.5,0.6904761904761905,0.75
Joust,Tyr,3,2,8,,,,,,,Warrior,0.5714285714285714,0.5,0.7000000000000001,0.7380952380952381,0.75
Joust,Cabrakan,1,7,12,,,,,,,Guardian,0.6071428571428571,0.41428571428571426,0.30000000000000004,0.8809523809523809,1.0
Joust,Janus,5,6,11,,,,,,,Mage,0.0,0.8428571428571429,0.10000000000000003,0.2142857142857143,0.5
Joust,Cabrakan,4,7,8,,,,,,,Guardian,0.6071428571428571,0.41428571428571426,0.30000000000000004,0.8809523809523809,1.0
Joust,Cabrakan,1,4,5,,,,,,,Guardian,0.6071428571428571,0.41428571428571426,0.30000000000000004,0.8809523809523809,1.0
Joust,Janus,3,9,5,,,,,,,Mage,0.0,0.8428571428571429,0.10000000000000003,0.2142857142857143,0.5
Joust,Chiron,2,4,3,,,,,,,Hunter,0.3928571428571429,0.48571428571428577,0.9,0.35714285714285715,0.5
Joust,Neith,1,1,6,,,,,,,Hunter,0.37244897959183676,0.5,0.30000000000000004,0.35714285714285715,0.5
Joust,Janus,8,8,7,,,,,,,Mage,0.0,0.8428571428571429,0.10000000000000003,0.2142857142857143,0.5
Joust,Janus,3,8,6,,,,,,,Mage,0.0,0.8428571428571429,0.10000000000000003,0.2142857142857143,0.5
Joust,Chiron,5,8,7,,,,,,,Hunter,0.3928571428571429,0.48571428571428577,0.9,0.35714285714285715,0.5
Arena,Chiron,9,12,16,,,,,,,Hunter,0.3928571428571429,0.48571428571428577,0.9,0.35714285714285715,0.5
Arena,Ra,9,11,18,,,,,,,Mage,0.0,0.5714285714285714,0.10000000000000003,0.2142857142857143,0.5
Arena,Tyr,6,6,14,,,,,,,Warrior,0.5714285714285714,0.5,0.7000000000000001,0.7380952380952381,0.75
Joust,Achilles,6,1,10,,,,,,,Warrior,0.5,0.4285714285714286,0.5,0.6904761904761905,0.75
Joust,Hades,2,10,3,,,,,,,Mage,0.5,0.6,0.30000000000000004,0.7380952380952381,0.5
Joust,Nut,5,6,8,,,,,,,Hunter,0.5357142857142857,0.5,0.5,0.40476190476190477,0.5
Joust,Nut,7,8,7,,,,,,,Hunter,0.5357142857142857,0.5,0.5,0.40476190476190477,0.5
Joust,Nut,7,9,2,,,,,,,Hunter,0.5357142857142857,0.5,0.5,0.40476190476190477,0.5
Joust,Sun_Wukong,1,5,9,,,,,,,Warrior,0.5357142857142857,0.4285714285714286,0.5,0.7380952380952381,0.75
Joust,Achilles,4,4,5,,,,,,,Warrior,0.5,0.4285714285714286,0.5,0.6904761904761905,0.75
Arena,Hades,6,1,12,,,,,,,Mage,0.5,0.6,0.30000000000000004,0.7380952380952381,0.5
Arena,Zeus,2,13,11,,,,,,,Mage,0.0,0.5428571428571428,0.10000000000000003,0.07142857142857145,0.5
Joust,Ymir,5,3,10,,,,,,,Guardian,0.75,0.41428571428571426,0.5,1.0,1.0
Arena,Nut,7,9,11,,,,,,,Hunter,0.5357142857142857,0.5,0.5,0.40476190476190477,0.5
Arena,Ra,4,0,12,,,,,,,Mage,0.0,0.5714285714285714,0.10000000000000003,0.2142857142857143,0.5
Joust,Medusa,2,9,6,,,,,,,Hunter,0.4642857142857143,0.4714285714285714,0.30000000000000004,0.35714285714285715,0.5
Joust,Achilles,2,10,1,,,,,,,Warrior,0.5,0.4285714285714286,0.5,0.6904761904761905,0.75
Joust,Achilles,2,5,0,,,,,,,Warrior,0.5,0.4285714285714286,0.5,0.6904761904761905,0.75
Arena,Achilles,9,1,18,,,,,,,Warrior,0.5,0.4285714285714286,0.5,0.6904761904761905,0.75
Arena,Achilles,8,7,9,,,,,,,Warrior,0.5,0.4285714285714286,0.5,0.6904761904761905,0.75
Arena,Achilles,8,10,3,,,,,,,Warrior,0.5,0.4285714285714286,0.5,0.6904761904761905,0.75
Joust,Achilles,1,8,6,,,,,,,Warrior,0.5,0.4285714285714286,0.5,0.6904761904761905,0.75
Joust,Achilles,1,4,1,,,,,,,Warrior,0.5,0.4285714285714286,0.5,0.6904761904761905,0.75
Joust,Ra,8,11,5,,,,,,,Mage,0.0,0.5714285714285714,0.10000000000000003,0.2142857142857143,0.5
Slash,Achilles,7,6,8,,,,,,,Warrior,0.5,0.4285714285714286,0.5,0.6904761904761905,0.75
Joust,Cernunnos,0,8,7,,,,,,,Hunter,0.5357142857142857,0.4714285714285714,0.30000000000000004,0.40476190476190477,0.5
Joust,Cernunnos,0,5,1,,,,,,,Hunter,0.5357142857142857,0.4714285714285714,0.30000000000000004,0.40476190476190477,0.5
Joust,Nut,5,7,6,,,,,,,Hunter,0.5357142857142857,0.5,0.5,0.40476190476190477,0.5
Joust,Achilles,3,0,5,,,,,,,Warrior,0.5,0.4285714285714286,0.5,0.6904761904761905,0.75
Joust,Ix_Chel,2,7,7,,,,,,,Mage,0.0,0.7,0.10000000000000003,0.35714285714285715,0.5
Arena,Tyr,7,5,16,,,,,,,Warrior,0.5714285714285714,0.5,0.7000000000000001,0.7380952380952381,0.75
Slash,Erlang_Shen,1,11,7,,,,,,,Warrior,0.5714285714285714,0.4714285714285714,0.7000000000000001,0.6904761904761905,0.75
Joust,Chiron,2,5,4,,,,,,,Hunter,0.3928571428571429,0.48571428571428577,0.9,0.35714285714285715,0.5
Joust,Chiron,4,9,1,,,,,,,Hunter,0.3928571428571429,0.48571428571428577,0.9,0.35714285714285715,0.5
Arena,Erlang_Shen,9,7,22,,,,,,,Warrior,0.5714285714285714,0.4714285714285714,0.7000000000000001,0.6904761904761905,0.75
Arena,Tyr,8,11,12,,,,,,,Warrior,0.5714285714285714,0.5,0.7000000000000001,0.7380952380952381,0.75
Joust,Chiron,5,3,4,,,,,,,Hunter,0.3928571428571429,0.48571428571428577,0.9,0.35714285714285715,0.5
Joust,Nut,5,10,3,,,,,,,Hunter,0.5357142857142857,0.5,0.5,0.40476190476190477,0.5
Joust,Nut,7,3,4,,,,,,,Hunter,0.5357142857142857,0.5,0.5,0.40476190476190477,0.5
Joust,Geb,0,5,1,,,,,,,Guardian,0.75,0.3857142857142857,0.10000000000000003,0.8333333333333333,1.0
Joust,Chiron,1,9,3,,,,,,,Hunter,0.3928571428571429,0.48571428571428577,0.9,0.35714285714285715,0.5
Arena,Erlang_Shen,1,6,16,,,,,,,Warrior,0.5714285714285714,0.4714285714285714,0.7000000000000001,0.6904761904761905,0.75
Joust,Tyr,4,4,8,,,,,,,Warrior,0.5714285714285714,0.5,0.7000000000000001,0.7380952380952381,0.75
Joust,Arachne,2,11,4,,,,,,,Assassin,0.2857142857142857,0.44285714285714284,0.7000000000000001,0.40476190476190477,0.5
Joust,Arachne,4,8,6,,,,,,,Assassin,0.2857142857142857,0.44285714285714284,0.7000000000000001,0.40476190476190477,0.5
Joust,Ra,4,8,3,,,,,,,Mage,0.0,0.5714285714285714,0.10000000000000003,0.2142857142857143,0.5
Assault,Ganesha,1,7,10,,,,,,,Guardian,0.6428571428571429,0.41428571428571426,0.10000000000000003,0.8809523809523809,1.0
Joust,Tyr,3,4,2,,,,,,,Warrior,0.5714285714285714,0.5,0.7000000000000001,0.7380952380952381,0.75
Joust,Vulcan,0,5,7,,,,,,,Mage,0.0,0.5428571428571428,0.10000000000000003,0.40476190476190477,0.5
Joust,Sylvanus,3,2,4,,,,,,,Guardian,0.75,0.3857142857142857,0.5,0.8333333333333333,1.0
Joust,Sylvanus,1,10,6,,,,,,,Guardian,0.75,0.3857142857142857,0.5,0.8333333333333333,1.0
Joust,Nut,4,7,7,,,,,,,Hunter,0.5357142857142857,0.5,0.5,0.40476190476190477,0.5
Arena,Ra,0,9,9,,,,,,,Mage,0.0,0.5714285714285714,0.10000000000000003,0.2142857142857143,0.5
Arena,Tyr,11,6,16,,,,,,,Warrior,0.5714285714285714,0.5,0.7000000000000001,0.7380952380952381,0.75
Joust,Tyr,6,2,6,,,,,,,Warrior,0.5714285714285714,0.5,0.7000000000000001,0.7380952380952381,0.75
Joust,Tyr,4,3,7,,,,,,,Warrior,0.5714285714285714,0.5,0.7000000000000001,0.7380952380952381,0.75
Joust,Nut,8,8,7,,,,,,,Hunter,0.5357142857142857,0.5,0.5,0.40476190476190477,0.5
Arena,Nut,10,7,13,,,,,,,Hunter,0.5357142857142857,0.5,0.5,0.40476190476190477,0.5
Arena,Nut,9,6,15,,,,,,,Hunter,0.5357142857142857,0.5,0.5,0.40476190476190477,0.5
Joust,Ymir,4,3,12,,,,,,,Guardian,0.75,0.41428571428571426,0.5,1.0,1.0
Joust,Cabrakan,4,7,4,,,,,,,Guardian,0.6071428571428571,0.41428571428571426,0.30000000000000004,0.8809523809523809,1.0
Arena,Tyr,1,4,6,,,,,,,Warrior,0.5714285714285714,0.5,0.7000000000000001,0.7380952380952381,0.75
Joust,Tyr,0,3,1,,,,,,,Warrior,0.5714285714285714,0.5,0.7000000000000001,0.7380952380952381,0.75
Joust,Tyr,2,3,6,,,,,,,Warrior,0.5714285714285714,0.5,0.7000000000000001,0.7380952380952381,0.75
Joust,Tyr,7,5,5,,,,,,,Warrior,0.5714285714285714,0.5,0.7000000000000001,0.7380952380952381,0.75
Joust,Ra,2,7,4,,,,,,,Mage,0.0,0.5714285714285714,0.10000000000000003,0.2142857142857143,0.5
Arena,Cabrakan,3,7,19,,,,,,,Guardian,0.6071428571428571,0.41428571428571426,0.30000000000000004,0.8809523809523809,1.0
Joust,Cabrakan,0,8,9,,,,,,,Guardian,0.6071428571428571,0.41428571428571426,0.30000000000000004,0.8809523809523809,1.0
Arena,Cabrakan,3,12,18,,,,,,,Guardian,0.6071428571428571,0.41428571428571426,0.30000000000000004,0.8809523809523809,1.0
Joust,Cabrakan,0,6,1,,,,,,,Guardian,0.6071428571428571,0.41428571428571426,0.30000000000000004,0.8809523809523809,1.0
Joust,Cabrakan,0,6,1,,,,,,,Guardian,0.6071428571428571,0.41428571428571426,0.30000000000000004,0.8809523809523809,1.0
Arena,Awilix,6,7,20,,,,,,,Assassin,0.5,0.5285714285714286,0.5,0.40476190476190477,0.5
Slash,Cernunnos,3,13,6,,,,,,,Hunter,0.5357142857142857,0.4714285714285714,0.30000000000000004,0.40476190476190477,0.5
Assault,Terra,2,3,23,,,,,,,Guardian,0.6785714285714286,0.41428571428571426,0.30000000000000004,0.8809523809523809,1.0
Joust,Charon,0,3,0,,,,,,,Guardian,0.6071428571428571,0.44285714285714284,0.5,0.8333333333333333,1.0
Joust,Tyr,3,9,5,,,,,,,Warrior,0.5714285714285714,0.5,0.7000000000000001,0.7380952380952381,0.75
Arena,Tyr,6,4,13,,,,,,,Warrior,0.5714285714285714,0.5,0.7000000000000001,0.7380952380952381,0.75
Arena,Tyr,3,8,12,,,,,,,Warrior,0.5714285714285714,0.5,0.7000000000000001,0.7380952380952381,0.75
Arena,Ra,4,10,5,,,,,,,Mage,0.0,0.5714285714285714,0.10000000000000003,0.2142857142857143,0.5
Joust,Tyr,2,2,2,,,,,,,Warrior,0.5714285714285714,0.5,0.7000000000000001,0.7380952380952381,0.75
Joust,Tyr,7,4,18,,,,,,,Warrior,0.5714285714285714,0.5,0.7000000000000001,0.7380952380952381,0.75
Joust,Tyr,2,2,1,,,,,,,Warrior,0.5714285714285714,0.5,0.7000000000000001,0.7380952380952381,0.75
Joust,Tyr,4,4,7,,,,,,,Warrior,0.5714285714285714,0.5,0.7000000000000001,0.7380952380952381,0.75
Joust,Tyr,4,2,9,,,,,,,Warrior,0.5714285714285714,0.5,0.7000000000000001,0.7380952380952381,0.75
Arena,Ra,3,4,2,,,,,,,Mage,0.0,0.5714285714285714,0.10000000000000003,0.2142857142857143,0.5
Arena,Ymir,3,1,11,,,,,,,Guardian,0.75,0.41428571428571426,0.5,1.0,1.0
Joust,Nut,3,5,6,,,,,,,Hunter,0.5357142857142857,0.5,0.5,0.40476190476190477,0.5
Joust,Guan_Yu,0,3,2,,,,,,,Warrior,0.5357142857142857,0.4714285714285714,0.7000000000000001,0.5952380952380953,0.75
Joust,Guan_Yu,0,7,3,,,,,,,Warrior,0.5357142857142857,0.4714285714285714,0.7000000000000001,0.5952380952380953,0.75
Joust,Horus,0,3,3,,,,,,,Warrior,0.5918367346938775,0.5,0.5,0.6904761904761905,0.75
Joust,Ra,4,6,4,,,,,,,Mage,0.0,0.5714285714285714,0.10000000000000003,0.2142857142857143,0.5
Joust,Ra,1,4,1,,,,,,,Mage,0.0,0.5714285714285714,0.10000000000000003,0.2142857142857143,0.5
Joust,Ra,3,4,0,,,,,,,Mage,0.0,0.5714285714285714,0.10000000000000003,0.2142857142857143,0.5
Arena,Tyr,7,2,15,,,,,,,Warrior,0.5714285714285714,0.5,0.7000000000000001,0.7380952380952381,0.75
Joust,Hel,1,2,3,,,,,,,Mage,0.0357142857142857,0.7,0.0,0.11904761904761907,0.5
Joust,Freya,1,6,0,,,,,,,Mage,0.0,0.4714285714285714,0.5,0.5,0.5
Joust,Charon,6,5,7,,,,,,,Guardian,0.6071428571428571,0.44285714285714284,0.5,0.8333333333333333,1.0
Joust,Achilles,6,1,12,,,,,,,Warrior,0.5,0.4285714285714286,0.5,0.6904761904761905,0.75
Arena,Charon,3,5,18,,,,,,,Guardian,0.6071428571428571,0.44285714285714284,0.5,0.8333333333333333,1.0
Arena,Charon,2,8,25,,,,,,,Guardian,0.6071428571428571,0.44285714285714284,0.5,0.8333333333333333,1.0
Joust,Charon,4,6,7,,,,,,,Guardian,0.6071428571428571,0.44285714285714284,0.5,0.8333333333333333,1.0
Arena,Hades,2,14,7,,,,,,,Mage,0.5,0.6,0.30000000000000004,0.7380952380952381,0.5
Arena,Achilles,4,4,7,,,,,,,Warrior,0.5,0.4285714285714286,0.5,0.6904761904761905,0.75
Arena,Ra,3,1,10,,,,,,,Mage,0.0,0.5714285714285714,0.10000000000000003,0.2142857142857143,0.5
Arena,Ymir,0,5,19,,,,,,,Guardian,0.75,0.41428571428571426,0.5,1.0,1.0
Joust,Ymir,5,1,11,,,,,,,Guardian,0.75,0.41428571428571426,0.5,1.0,1.0
Arena,Achilles,7,7,23,,,,,,,Warrior,0.5,0.4285714285714286,0.5,0.6904761904761905,0.75
Arena,Ra,6,14,12,,,,,,,Mage,0.0,0.5714285714285714,0.10000000000000003,0.2142857142857143,0.5
Arena,Ra,4,9,13,,,,,,,Mage,0.0,0.5714285714285714,0.10000000000000003,0.2142857142857143,0.5
Arena,Susano,9,9,23,,,,,,,Assassin,0.2142857142857143,0.48571428571428577,0.5,0.5,0.5
Slash,Horus,5,4,15,,,,,,,Warrior,0.5918367346938775,0.5,0.5,0.6904761904761905,0.75
Arena,Achilles,6,6,13,,,,,,,Warrior,0.5,0.4285714285714286,0.5,0.6904761904761905,0.75
Arena,Achilles,3,6,16,,,,,,,Warrior,0.5,0.4285714285714286,0.5,0.6904761904761905,0.75
Arena,Hades,15,5,13,,,,,,,Mage,0.5,0.6,0.30000000000000004,0.7380952380952381,0.5
Joust,Vulcan,0,10,7,,,,,,,Mage,0.0,0.5428571428571428,0.10000000000000003,0.40476190476190477,0.5
Joust,Vulcan,1,7,4,,,,,,,Mage,0.0,0.5428571428571428,0.10000000000000003,0.40476190476190477,0.5
Joust,Sylvanus,3,8,5,,,,,,,Guardian,0.75,0.3857142857142857,0.5,0.8333333333333333,1.0
Joust,Horus,0,1,9,,,,,,,Warrior,0.5918367346938775,0.5,0.5,0.6904761904761905,0.75
Joust,Ra,3,8,10,,,,,,,Mage,0.0,0.5714285714285714,0.10000000000000003,0.2142857142857143,0.5
Joust,Jing_Wei,2,6,3,,,,,,,Hunter,0.2857142857142857,0.4285714285714286,0.5,0.2619047619047619,0.5
Joust,Jing_Wei,4,3,4,,,,,,,Hunter,0.2857142857142857,0.4285714285714286,0.5,0.2619047619047619,0.5
Joust,Ra,5,6,2,,,,,,,Mage,0.0,0.5714285714285714,0.10000000000000003,0.2142857142857143,0.5
Arena,Ra,2,6,3,,,,,,,Mage,0.0,0.5714285714285714,0.10000000000000003,0.2142857142857143,0.5
Arena,Ra,5,7,13,,,,,,,Mage,0.0,0.5714285714285714,0.10000000000000003,0.2142857142857143,0.5
Joust,Ra,5,3,9,,,,,,,Mage,0.0,0.5714285714285714,0.10000000000000003,0.2142857142857143,0.5
Joust,Sun_Wukong,2,1,4,,,,,,,Warrior,0.5357142857142857,0.4285714285714286,0.5,0.7380952380952381,0.75
Joust,Neith,0,5,3,,,,,,,Hunter,0.37244897959183676,0.5,0.30000000000000004,0.35714285714285715,0.5
Joust,Freya,2,5,5,,,,,,,Mage,0.0,0.4714285714285714,0.5,0.5,0.5
Joust,Erlang_Shen,3,5,6,,,,,,,Warrior,0.5714285714285714,0.4714285714285714,0.7000000000000001,0.6904761904761905,0.75
Joust,Ymir,1,2,7,,,,,,,Guardian,0.75,0.41428571428571426,0.5,1.0,1.0
Joust,Zeus,2,10,2,,,,,,,Mage,0.0,0.5428571428571428,0.10000000000000003,0.07142857142857145,0.5
Joust,Nu_Wa,5,8,5,,,,,,,Mage,0.0,0.6,0.0,0.16666666666666669,0.5
Joust,Ra,7,5,12,,,,,,,Mage,0.0,0.5714285714285714,0.10000000000000003,0.2142857142857143,0.5
Joust,Tyr,6,5,3,,,,,,,Warrior,0.5714285714285714,0.5,0.7000000000000001,0.7380952380952381,0.75
Arena,Tyr,5,3,22,,,,,,,Warrior,0.5714285714285714,0.5,0.7000000000000001,0.7380952380952381,0.75
Joust,Horus,1,6,8,,,,,,,Warrior,0.5918367346938775,0.5,0.5,0.6904761904761905,0.75
Arena,Ra,5,8,8,,,,,,,Mage,0.0,0.5714285714285714,0.10000000000000003,0.2142857142857143,0.5
Joust,Horus,5,2,9,,,,,,,Warrior,0.5918367346938775,0.5,0.5,0.6904761904761905,0.75
Joust,Ra,7,6,6,,,,,,,Mage,0.0,0.5714285714285714,0.10000000000000003,0.2142857142857143,0.5
Joust,Neith,4,3,10,,,,,,,Hunter,0.37244897959183676,0.5,0.30000000000000004,0.35714285714285715,0.5
Joust,Medusa,7,4,6,,,,,,,Hunter,0.4642857142857143,0.4714285714285714,0.30000000000000004,0.35714285714285715,0.5
Joust,Tyr,6,3,3,,,,,,,Warrior,0.5714285714285714,0.5,0.7000000000000001,0.7380952380952381,0.75
Joust,Nut,3,4,6,,,,,,,Hunter,0.5357142857142857,0.5,0.5,0.40476190476190477,0.5
Arena,Nut,4,4,17,,,,,,,Hunter,0.5357142857142857,0.5,0.5,0.40476190476190477,0.5
Joust,Horus,0,2,12,,,,,,,Warrior,0.5918367346938775,0.5,0.5,0.6904761904761905,0.75
Joust,Horus,3,0,7,,,,,,,Warrior,0.5918367346938775,0.5,0.5,0.6904761904761905,0.75
Joust,Sylvanus,4,5,8,,,,,,,Guardian,0.75,0.3857142857142857,0.5,0.8333333333333333,1.0
Joust,Nut,6,5,7,,,,,,,Hunter,0.5357142857142857,0.5,0.5,0.40476190476190477,0.5
Arena,Hades,9,6,12,,,,,,,Mage,0.5,0.6,0.30000000000000004,0.7380952380952381,0.5
Joust,Hades,7,9,3,,,,,,,Mage,0.5,0.6,0.30000000000000004,0.7380952380952381,0.5
Assault,Nike,4,10,16,,,,,,,Warrior,0.5357142857142857,0.4714285714285714,0.7000000000000001,0.5476190476190477,0.75
Joust,Izanami,7,9,4,,,,,,,Hunter,0.3214285714285714,0.44285714285714284,0.30000000000000004,0.2619047619047619,0.5
Joust,Erlang_Shen,1,8,8,,,,,,,Warrior,0.5714285714285714,0.4714285714285714,0.7000000000000001,0.6904761904761905,0.75
Joust,Atlas,1,2,8,,,,,,,Guardian,0.75,0.3857142857142857,0.5,0.8809523809523809,1.0
Joust,Susano,3,8,4,,,,,,,Assassin,0.2142857142857143,0.48571428571428577,0.5,0.5,0.5
Joust,Susano,3,9,4,,,,,,,Assassin,0.2142857142857143,0.48571428571428577,0.5,0.5,0.5
Joust,Nu_Wa,5,5,5,,,,,,,Mage,0.0,0.6,0.0,0.16666666666666669,0.5
Assault,Poseidon,13,22,11,,,,,,,Mage,0.0,0.5428571428571428,0.10000000000000003,0.07142857142857145,0.5
Arena,Ymir,2,6,17,,,,,,,Guardian,0.75,0.41428571428571426,0.5,1.0,1.0
Arena,Neith,4,10,8,,,,,,,Hunter,0.37244897959183676,0.5,0.30000000000000004,0.35714285714285715,0.5
Slash,Ymir,1,11,2,,,,,,,Guardian,0.75,0.41428571428571426,0.5,1.0,1.0
Assault,Hachiman,1,9,11,,,,,,,Hunter,0.3571428571428571,0.5,0.30000000000000004,0.2619047619047619,0.5
Arena,Ymir,2,10,14,,,,,,,Guardian,0.75,0.41428571428571426,0.5,1.0,1.0
Slash,Ix_Chel,4,16,7,,,,,,,Mage,0.0,0.7,0.10000000000000003,0.35714285714285715,0.5
Joust,Tyr,2,2,4,,,,,,,Warrior,0.5714285714285714,0.5,0.7000000000000001,0.7380952380952381,0.75
Assault,Nu_Wa,8,9,27,,,,,,,Mage,0.0,0.6,0.0,0.16666666666666669,0.5
Arena,Tyr,1,11,8,,,,,,,Warrior,0.5714285714285714,0.5,0.7000000000000001,0.7380952380952381,0.75
Arena,Nut,8,9,7,,,,,,,Hunter,0.5357142857142857,0.5,0.5,0.40476190476190477,0.5
Assault,Chang'e,2,4,12,,,,,,,Mage,0.423469387755102,0.7285714285714285,0.0,0.2619047619047619,0.5
Arena,Ymir,2,9,8,,,,,,,Guardian,0.75,0.41428571428571426,0.5,1.0,1.0
Assault,Geb,9,5,7,,,,,,,Guardian,0.75,0.3857142857142857,0.10000000000000003,0.8333333333333333,1.0
Arena,Ix_Chel,5,11,12,,,,,,,Mage,0.0,0.7,0.10000000000000003,0.35714285714285715,0.5
Arena,Awilix,2,13,10,,,,,,,Assassin,0.5,0.5285714285714286,0.5,0.40476190476190477,0.5
Joust,Kukulkan,1,2,4,,,,,,,Mage,0.0,0.6,0.10000000000000003,0.40476190476190477,0.5
Assault,The_Morrigan,4,11,11,,,,,,,Mage,0.0,0.5571428571428572,0.30000000000000004,0.35714285714285715,0.5
Arena,Da_Ji,2,6,16,,,,,,,Assassin,0.25,0.44285714285714284,0.7000000000000001,0.5,0.5
Arena,Ix_Chel,0,0,0,,,,,,,Mage,0.0,0.7,0.10000000000000003,0.35714285714285715,0.5
Arena,Ymir,6,3,19,,,,,,,Guardian,0.75,0.41428571428571426,0.5,1.0,1.0
Arena,Freya,5,2,15,,,,,,,Mage,0.0,0.4714285714285714,0.5,0.5,0.5
Joust,Heimdallr,2,5,2,,,,,,,Hunter,0.5357142857142857,0.5,0.30000000000000004,0.5952380952380953,0.5
Assault,Cliodhna,7,4,23,,,,,,,Assassin,0.5357142857142857,0.48571428571428577,0.7000000000000001,0.35714285714285715,0.5
Assault,Nu_Wa,10,4,21,,,,,,,Mage,0.0,0.6,0.0,0.16666666666666669,0.5
Arena,Ares,5,6,15,,,,,,,Guardian,0.5714285714285714,0.41428571428571426,0.30000000000000004,0.8809523809523809,1.0
Conquest,Erlang_Shen,3,17,6,,,,,,,Warrior,0.5714285714285714,0.4714285714285714,0.7000000000000001,0.6904761904761905,0.75
Joust,Tyr,2,9,9,,,,,,,Warrior,0.5714285714285714,0.5,0.7000000000000001,0.7380952380952381,0.75
Joust,Tyr,3,0,10,,,,,,,Warrior,0.5714285714285714,0.5,0.7000000000000001,0.7380952380952381,0.75
Joust,Tyr,3,6,5,,,,,,,Warrior,0.5714285714285714,0.5,0.7000000000000001,0.7380952380952381,0.75
Assault,Shiva,1,10,17,,,,,,,Warrior,0.5,0.44285714285714284,0.7000000000000001,0.5952380952380953,0.75
Joust,Tyr,0,8,10,,,,,,,Warrior,0.5714285714285714,0.5,0.7000000000000001,0.7380952380952381,0.75
Conquest,Tyr,0,11,4,,,,,,,Warrior,0.5714285714285714,0.5,0.7000000000000001,0.7380952380952381,0.75
Assault,Rama,7,7,9,,,,,,,Hunter,0.3928571428571429,0.4285714285714286,0.5,0.35714285714285715,0.5
Arena,Ares,6,1,26,,,,,,,Guardian,0.5714285714285714,0.41428571428571426,0.30000000000000004,0.8809523809523809,1.0
Assault,Nut,8,10,26,,,,,,,Hunter,0.5357142857142857,0.5,0.5,0.40476190476190477,0.5
Arena,Medusa,5,9,18,,,,,,,Hunter,0.4642857142857143,0.4714285714285714,0.30000000000000004,0.35714285714285715,0.5
Assault,Charybdis,2,7,7,,,,,,,Hunter,0.25,0.4714285714285714,0.30000000000000004,0.2619047619047619,0.5
Arena,Tyr,10,6,18,,,,,,,Warrior,0.5714285714285714,0.5,0.7000000000000001,0.7380952380952381,0.75
Assault,Fafnir,3,7,20,,,,,,,Guardian,0.6428571428571429,0.41428571428571426,0.30000000000000004,0.9285714285714286,1.0
Joust,Tyr,6,4,10,,,,,,,Warrior,0.5714285714285714,0.5,0.7000000000000001,0.7380952380952381,0.75
Assault,Zeus,1,13,13,,,,,,,Mage,0.0,0.5428571428571428,0.10000000000000003,0.07142857142857145,0.5
Arena,Persephone,5,7,20,,,,,,,Mage,0.0,0.6428571428571429,0.10000000000000003,0.16666666666666669,0.5
Arena,The_Morrigan,0,3,8,,,,,,,Mage,0.0,0.5571428571428572,0.30000000000000004,0.35714285714285715,0.5
Assault,The_Morrigan,9,8,16,,,,,,,Mage,0.0,0.5571428571428572,0.30000000000000004,0.35714285714285715,0.5
Assault,Serqet,1,9,10,,,,,,,Assassin,0.0,0.5285714285714286,0.5,0.5,0.5
Joust,Ymir,3,4,7,,,,,,,Guardian,0.75,0.41428571428571426,0.5,1.0,1.0
Joust,Ymir,3,5,5,,,,,,,Guardian,0.75,0.41428571428571426,0.5,1.0,1.0
Arena,Horus,3,9,23,,,,,,,Warrior,0.5918367346938775,0.5,0.5,0.6904761904761905,0.75
Arena,Nut,4,10,3,,,,,,,Hunter,0.5357142857142857,0.5,0.5,0.40476190476190477,0.5
Assault,Persephone,8,11,31,,,,,,,Mage,0.0,0.6428571428571429,0.10000000000000003,0.16666666666666669,0.5
Assault,Erlang_Shen,10,12,22,,,,,,,Warrior,0.5714285714285714,0.4714285714285714,0.7000000000000001,0.6904761904761905,0.75
Assault,Nu_Wa,10,11,17,,,,,,,Mage,0.0,0.6,0.0,0.16666666666666669,0.5
Arena,Nut,2,3,0,,,,,,,Hunter,0.5357142857142857,0.5,0.5,0.40476190476190477,0.5
Arena,Nut,4,6,17,,,,,,,Hunter,0.5357142857142857,0.5,0.5,0.40476190476190477,0.5
Conquest,Ravana,1,4,3,,,,,,,Assassin,0.0,0.5,0.5,0.40476190476190477,0.5
Conquest,Camazotz,13,5,18,,,,,,,Assassin,0.25,0.5285714285714286,0.7000000000000001,0.30952380952380953,0.5
Joust,Ymir,5,10,12,,,,,,,Guardian,0.75,0.41428571428571426,0.5,1.0,1.0
Joust,Ix_Chel,6,4,12,,,,,,,Mage,0.0,0.7,0.10000000000000003,0.35714285714285715,0.5
Joust,Sun_Wukong,3,9,3,,,,,,,Warrior,0.5357142857142857,0.4285714285714286,0.5,0.7380952380952381,0.75
Joust,Yemoja,2,3,0,,,,,,,Guardian,0.6581632653061225,0.0,0.30000000000000004,0.8333333333333333,1.0
Joust,Sylvanus,3,3,6,,,,,,,Guardian,0.75,0.3857142857142857,0.5,0.8333333333333333,1.0
Joust,Vulcan,6,6,2,,,,,,,Mage,0.0,0.5428571428571428,0.10000000000000003,0.40476190476190477,0.5
Joust,Vulcan,6,0,6,,,,,,,Mage,0.0,0.5428571428571428,0.10000000000000003,0.40476190476190477,0.5
Joust,Kukulkan,5,3,2,,,,,,,Mage,0.0,0.6,0.10000000000000003,0.40476190476190477,0.5
Joust,Ix_Chel,7,2,6,,,,,,,Mage,0.0,0.7,0.10000000000000003,0.35714285714285715,0.5
Arena,Camazotz,2,7,8,,,,,,,Assassin,0.25,0.5285714285714286,0.7000000000000001,0.30952380952380953,0.5
Conquest,Tyr,2,5,10,,,,,,,Warrior,0.5714285714285714,0.5,0.7000000000000001,0.7380952380952381,0.75
Arena,Tyr,8,7,13,,,,,,,Warrior,0.5714285714285714,0.5,0.7000000000000001,0.7380952380952381,0.75
Joust,Tyr,2,3,7,,,,,,,Warrior,0.5714285714285714,0.5,0.7000000000000001,0.7380952380952381,0.75
Conquest,Tyr,7,10,25,,,,,,,Warrior,0.5714285714285714,0.5,0.7000000000000001,0.7380952380952381,0.75
Conquest,Da_Ji,15,13,6,,,,,,,Assassin,0.25,0.44285714285714284,0.7000000000000001,0.5,0.5
Conquest,Tyr,3,2,4,,,,,,,Warrior,0.5714285714285714,0.5,0.7000000000000001,0.7380952380952381,0.75
Conquest,Medusa,4,4,0,,,,,,,Hunter,0.4642857142857143,0.4714285714285714,0.30000000000000004,0.35714285714285715,0.5
Conquest,Cliodhna,5,14,10,,,,,,,Assassin,0.5357142857142857,0.48571428571428577,0.7000000000000001,0.35714285714285715,0.5
Joust,Tyr,1,0,7,,,,,,,Warrior,0.5714285714285714,0.5,0.7000000000000001,0.7380952380952381,0.75
Joust,Tyr,0,5,4,,,,,,,Warrior,0.5714285714285714,0.5,0.7000000000000001,0.7380952380952381,0.75
Arena,Hades,7,5,14,,,,,,,Mage,0.5,0.6,0.30000000000000004,0.7380952380952381,0.5
Joust,Geb,0,2,5,,,,,,,Guardian,0.75,0.3857142857142857,0.10000000000000003,0.8333333333333333,1.0
Joust,Ymir,0,6,8,,,,,,,Guardian,0.75,0.41428571428571426,0.5,1.0,1.0
Conquest,Ix_Chel,12,10,16,,,,,,,Mage,0.0,0.7,0.10000000000000003,0.35714285714285715,0.5
Conquest,Horus,7,6,19,,,,,,,Warrior,0.5918367346938775,0.5,0.5,0.6904761904761905,0.75
Conquest,Ix_Chel,2,2,0,,,,,,,Mage,0.0,0.7,0.10000000000000003,0.35714285714285715,0.5
Conquest,Erlang_Shen,11,5,7,,,,,,,Warrior,0.5714285714285714,0.4714285714285714,0.7000000000000001,0.6904761904761905,0.75
Conquest,Da_Ji,4,2,3,,,,,,,Assassin,0.25,0.44285714285714284,0.7000000000000001,0.5,0.5
Conquest,Da_Ji,9,9,7,,,,,,,Assassin,0.25,0.44285714285714284,0.7000000000000001,0.5,0.5
Conquest,Da_Ji,9,15,7,,,,,,,Assassin,0.25,0.44285714285714284,0.7000000000000001,0.5,0.5
Joust,Horus,7,4,7,,,,,,,Warrior,0.5918367346938775,0.5,0.5,0.6904761904761905,0.75
Conquest,Da_Ji,2,10,1,,,,,,,Assassin,0.25,0.44285714285714284,0.7000000000000001,0.5,0.5
Conquest,Sylvanus,4,6,15,,,,,,,Guardian,0.75,0.3857142857142857,0.5,0.8333333333333333,1.0
Assault,Da_Ji,16,14,13,,,,,,,Assassin,0.25,0.44285714285714284,0.7000000000000001,0.5,0.5
Joust,Nut,3,5,8,,,,,,,Hunter,0.5357142857142857,0.5,0.5,0.40476190476190477,0.5
Joust,Nut,3,2,4,,,,,,,Hunter,0.5357142857142857,0.5,0.5,0.40476190476190477,0.5
Joust,Nut,1,0,0,,,,,,,Hunter,0.5357142857142857,0.5,0.5,0.40476190476190477,0.5
Joust,Nut,4,4,0,,,,,,,Hunter,0.5357142857142857,0.5,0.5,0.40476190476190477,0.5
Arena,Nut,6,4,15,,,,,,,Hunter,0.5357142857142857,0.5,0.5,0.40476190476190477,0.5
Joust,Nut,8,5,6,,,,,,,Hunter,0.5357142857142857,0.5,0.5,0.40476190476190477,0.5
Arena,Nut,8,6,21,,,,,,,Hunter,0.5357142857142857,0.5,0.5,0.40476190476190477,0.5
Joust,Nut,10,2,3,,,,,,,Hunter,0.5357142857142857,0.5,0.5,0.40476190476190477,0.5
Arena,Nut,3,3,16,,,,,,,Hunter,0.5357142857142857,0.5,0.5,0.40476190476190477,0.5
Arena,Nut,12,7,10,,,,,,,Hunter,0.5357142857142857,0.5,0.5,0.40476190476190477,0.5
Arena,Heimdallr,9,2,22,,,,,,,Hunter,0.5357142857142857,0.5,0.30000000000000004,0.5952380952380953,0.5
Arena,Hades,7,4,21,,,,,,,Mage,0.5,0.6,0.30000000000000004,0.7380952380952381,0.5
Joust,Ah_Muzen_Cab,4,0,11,,,,,,,Hunter,0.3214285714285714,0.5,0.30000000000000004,0.35714285714285715,0.5
Arena,Ix_Chel,4,9,11,,,,,,,Mage,0.0,0.7,0.10000000000000003,0.35714285714285715,0.5
Arena,Ares,1,4,8,,,,,,,Guardian,0.5714285714285714,0.41428571428571426,0.30000000000000004,0.8809523809523809,1.0
Joust,Hades,3,7,7,,,,,,,Mage,0.5,0.6,0.30000000000000004,0.7380952380952381,0.5
Joust,Ah_Muzen_Cab,4,3,5,,,,,,,Hunter,0.3214285714285714,0.5,0.30000000000000004,0.35714285714285715,0.5
Arena,Neith,0,5,18,,,,,,,Hunter,0.37244897959183676,0.5,0.30000000000000004,0.35714285714285715,0.5
Arena,Medusa,3,6,10,,,,,,,Hunter,0.4642857142857143,0.4714285714285714,0.30000000000000004,0.35714285714285715,0.5
Joust,Hades,1,7,4,,,,,,,Mage,0.5,0.6,0.30000000000000004,0.7380952380952381,0.5
Arena,Sylvanus,3,7,15,,,,,,,Guardian,0.75,0.3857142857142857,0.5,0.8333333333333333,1.0
Joust,Heimdallr,3,9,10,,,,,,,Hunter,0.5357142857142857,0.5,0.30000000000000004,0.5952380952380953,0.5
Joust,Heimdallr,6,7,5,,,,,,,Hunter,0.5357142857142857,0.5,0.30000000000000004,0.5952380952380953,0.5
Joust,Sylvanus,8,4,9,,,,,,,Guardian,0.75,0.3857142857142857,0.5,0.8333333333333333,1.0
Arena,Vulcan,7,7,8,,,,,,,Mage,0.0,0.5428571428571428,0.10000000000000003,0.40476190476190477,0.5
Arena,Sylvanus,4,5,17,,,,,,,Guardian,0.75,0.3857142857142857,0.5,0.8333333333333333,1.0
Joust,Olorun,6,7,2,,,,,,,Mage,0.3214285714285714,0.5285714285714286,0.5,0.40476190476190477,0.5
Joust,Olorun,3,2,3,,,,,,,Mage,0.3214285714285714,0.5285714285714286,0.5,0.40476190476190477,0.5
Arena,Olorun,6,8,13,,,,,,,Mage,0.3214285714285714,0.5285714285714286,0.5,0.40476190476190477,0.5
Joust,Olorun,0,5,6,,,,,,,Mage,0.3214285714285714,0.5285714285714286,0.5,0.40476190476190477,0.5
Joust,Ix_Chel,6,4,3,,,,,,,Mage,0.0,0.7,0.10000000000000003,0.35714285714285715,0.5
Joust,Hades,8,8,7,,,,,,,Mage,0.5,0.6,0.30000000000000004,0.7380952380952381,0.5
Joust,Arachne,0,0,0,,,,,,,Assassin,0.2857142857142857,0.44285714285714284,0.7000000000000001,0.40476190476190477,0.5
Joust,Neith,2,1,7,,,,,,,Hunter,0.37244897959183676,0.5,0.30000000000000004,0.35714285714285715,0.5
Joust,Ix_Chel,7,6,6,,,,,,,Mage,0.0,0.7,0.10000000000000003,0.35714285714285715,0.5
Joust,Ix_Chel,2,9,3,,,,,,,Mage,0.0,0.7,0.10000000000000003,0.35714285714285715,0.5
Joust,Ix_Chel,2,5,3,,,,,,,Mage,0.0,0.7,0.10000000000000003,0.35714285714285715,0.5
Joust,Ix_Chel,1,6,1,,,,,,,Mage,0.0,0.7,0.10000000000000003,0.35714285714285715,0.5
Joust,Ix_Chel,2,4,3,,,,,,,Mage,0.0,0.7,0.10000000000000003,0.35714285714285715,0.5
Joust,Ix_Chel,9,4,6,,,,,,,Mage,0.0,0.7,0.10000000000000003,0.35714285714285715,0.5
Joust,Ix_Chel,2,5,3,,,,,,,Mage,0.0,0.7,0.10000000000000003,0.35714285714285715,0.5
Joust,Erlang_Shen,2,6,0,,,,,,,Warrior,0.5714285714285714,0.4714285714285714,0.7000000000000001,0.6904761904761905,0.75
Joust,Erlang_Shen,4,5,0,,,,,,,Warrior,0.5714285714285714,0.4714285714285714,0.7000000000000001,0.6904761904761905,0.75
Joust,Erlang_Shen,3,2,8,,,,,,,Warrior,0.5714285714285714,0.4714285714285714,0.7000000000000001,0.6904761904761905,0.75
Joust,Medusa,0,13,3,,,,,,,Hunter,0.4642857142857143,0.4714285714285714,0.30000000000000004,0.35714285714285715,0.5
Joust,Hades,6,3,5,,,,,,,Mage,0.5,0.6,0.30000000000000004,0.7380952380952381,0.5
Joust,Neith,1,3,1,,,,,,,Hunter,0.37244897959183676,0.5,0.30000000000000004,0.35714285714285715,0.5
Conquest,Susano,6,10,3,,,,,,,Assassin,0.2142857142857143,0.48571428571428577,0.5,0.5,0.5
Conquest,Serqet,1,11,6,,,,,,,Assassin,0.0,0.5285714285714286,0.5,0.5,0.5
Conquest,Ymir,0,0,0,,,,,,,Guardian,0.75,0.41428571428571426,0.5,1.0,1.0
Conquest,Medusa,0,4,2,,,,,,,Hunter,0.4642857142857143,0.4714285714285714,0.30000000000000004,0.35714285714285715,0.5
Arena,Ravana,4,9,9,,,,,,,Assassin,0.0,0.5,0.5,0.40476190476190477,0.5
Joust,Ravana,1,6,0,,,,,,,Assassin,0.0,0.5,0.5,0.40476190476190477,0.5
Joust,Hachiman,4,7,5,,,,,,,Hunter,0.3571428571428571,0.5,0.30000000000000004,0.2619047619047619,0.5
Joust,Ares,3,3,14,,,,,,,Guardian,0.5714285714285714,0.41428571428571426,0.30000000000000004,0.8809523809523809,1.0
Joust,Ares,1,1,3,,,,,,,Guardian,0.5714285714285714,0.41428571428571426,0.30000000000000004,0.8809523809523809,1.0
Joust,Zeus,10,4,5,,,,,,,Mage,0.0,0.5428571428571428,0.10000000000000003,0.07142857142857145,0.5
Conquest,Arachne,13,6,2,,,,,,,Assassin,0.2857142857142857,0.44285714285714284,0.7000000000000001,0.40476190476190477,0.5
Conquest,Ares,1,3,23,,,,,,,Guardian,0.5714285714285714,0.41428571428571426,0.30000000000000004,0.8809523809523809,1.0
Conquest,Arachne,4,8,1,,,,,,,Assassin,0.2857142857142857,0.44285714285714284,0.7000000000000001,0.40476190476190477,0.5
Slash,Achilles,4,6,9,,,,,,,Warrior,0.5,0.4285714285714286,0.5,0.6904761904761905,0.75
Joust,Ra,3,5,3,,,,,,,Mage,0.0,0.5714285714285714,0.10000000000000003,0.2142857142857143,0.5
Joust,Ah_Muzen_Cab,0,3,2,,,,,,,Hunter,0.3214285714285714,0.5,0.30000000000000004,0.35714285714285715,0.5
Joust,Ah_Muzen_Cab,0,7,0,,,,,,,Hunter,0.3214285714285714,0.5,0.30000000000000004,0.35714285714285715,0.5
